timestamp,open,high,low,close,volume,close_time,quote_asset_volume,number_of_trades,taker_buy_base_asset_volume,taker_buy_quote_asset_volume,ignore
2022-01-23,0.00000162,0.00000164,0.00000157,0.00000159,69041521.00000000,1642982399999,111.29142103,16533,37281633.00000000,60.28890810,0
2022-01-24,0.00000158,0.00000160,0.00000148,0.00000150,82408063.00000000,1643068799999,127.04251993,19859,34568722.00000000,53.44697488,0
2022-01-25,0.00000150,0.00000154,0.00000149,0.00000152,57669580.00000000,1643155199999,87.20837101,22496,31889865.00000000,48.33969311,0
2022-01-26,0.00000152,0.00000154,0.00000149,0.00000153,55903627.00000000,1643241599999,84.67268411,19148,31186552.00000000,47.32643737,0
2022-01-27,0.00000153,0.00000156,0.00000151,0.00000152,57419138.00000000,1643327999999,88.31557934,26059,33627588.00000000,51.80848170,0
2022-01-28,0.00000153,0.00000155,0.00000151,0.00000152,32383354.00000000,1643414399999,49.55894426,8542,18143768.00000000,27.81666730,0
2022-01-29,0.00000152,0.00000159,0.00000151,0.00000158,50797896.00000000,1643500799999,79.11943728,19736,34343309.00000000,53.50306806,0
2022-01-30,0.00000158,0.00000159,0.00000154,0.00000155,39053253.00000000,1643587199999,61.39845108,13229,14291019.00000000,22.55611581,0
2022-01-31,0.00000155,0.00000157,0.00000152,0.00000154,48534910.00000000,1643673599999,74.96638933,14508,22971191.00000000,35.56941188,0
2022-02-01,0.00000153,0.00000156,0.00000153,0.00000155,39336088.00000000,1643759999999,60.81740803,15013,23234807.00000000,35.98354203,0
2022-02-02,0.00000155,0.00000161,0.00000154,0.00000159,50686130.00000000,1643846399999,80.30751208,20390,35365142.00000000,56.05943541,0
2022-02-03,0.00000158,0.00000162,0.00000158,0.00000161,40074086.00000000,1643932799999,64.30642032,12655,25155936.00000000,40.41086222,0
2022-02-04,0.00000161,0.00000169,0.00000154,0.00000156,123231833.00000000,1644019199999,201.87323715,22564,68492623.00000000,112.47159555,0
2022-02-05,0.00000155,0.00000160,0.00000153,0.00000157,59550797.00000000,1644105599999,93.37252361,13962,34398579.00000000,54.07262372,0
2022-02-06,0.00000157,0.00000159,0.00000155,0.00000156,32325071.00000000,1644191999999,50.73800255,12243,17104892.00000000,26.89211819,0
2022-02-07,0.00000157,0.00000159,0.00000155,0.00000156,43958704.00000000,1644278399999,68.81709476,10051,19494832.00000000,30.59903463,0
2022-02-08,0.00000157,0.00000159,0.00000153,0.00000155,68563035.00000000,1644364799999,106.94122364,16964,38805896.00000000,60.61859245,0
2022-02-09,0.00000155,0.00000159,0.00000154,0.00000158,45206736.00000000,1644451199999,70.79432622,11948,24856358.00000000,38.95248640,0
2022-02-10,0.00000158,0.00000161,0.00000154,0.00000158,77655486.00000000,1644537599999,122.76066674,22030,42664247.00000000,67.57710488,0
2022-02-11,0.00000157,0.00000159,0.00000150,0.00000151,73401587.00000000,1644623999999,112.64200424,13317,30017659.00000000,46.19956566,0
2022-02-12,0.00000152,0.00000154,0.00000148,0.00000150,47431519.00000000,1644710399999,71.52831788,12894,27586746.00000000,41.70502685,0
2022-02-13,0.00000150,0.00000153,0.00000149,0.00000153,23221932.00000000,1644796799999,35.24125150,11441,14302301.00000000,21.73664124,0
2022-02-14,0.00000152,0.00000154,0.00000150,0.00000152,59408292.00000000,1644883199999,90.24216339,12589,25496055.00000000,38.84140809,0
2022-02-15,0.00000152,0.00000152,0.00000149,0.00000151,45623050.00000000,1644969599999,68.62372290,11469,17307794.00000000,26.08425003,0
2022-02-16,0.00000151,0.00000152,0.00000149,0.00000152,29098562.00000000,1645055999999,43.90788941,7771,14153252.00000000,21.39366456,0
2022-02-17,0.00000152,0.00000155,0.00000150,0.00000154,74546203.00000000,1645142399999,113.86694994,16404,38620650.00000000,59.05867516,0
2022-02-18,0.00000154,0.00000159,0.00000153,0.00000157,43372442.00000000,1645228799999,67.88778937,11282,25029567.00000000,39.21350918,0
2022-02-19,0.00000157,0.00000162,0.00000157,0.00000159,46490403.00000000,1645315199999,74.13067092,10949,26716293.00000000,42.65454866,0
2022-02-20,0.00000159,0.00000163,0.00000156,0.00000162,47624018.00000000,1645401599999,76.24503449,11735,28351474.00000000,45.52543366,0
2022-02-21,0.00000162,0.00000165,0.00000160,0.00000160,76478903.00000000,1645487999999,124.18888348,15188,37739542.00000000,61.37792385,0
2022-02-22,0.00000161,0.00000165,0.00000160,0.00000164,58511420.00000000,1645574399999,95.32438701,11523,28190988.00000000,46.02807900,0
2022-02-23,0.00000164,0.00000167,0.00000161,0.00000163,51717172.00000000,1645660799999,84.89246861,11020,26780735.00000000,44.05239163,0
2022-02-24,0.00000163,0.00000169,0.00000155,0.00000160,114664869.00000000,1645747199999,186.96673148,19623,51256861.00000000,83.83181797,0
2022-02-25,0.00000159,0.00000161,0.00000142,0.00000152,182432439.00000000,1645833599999,275.70014242,23075,91480564.00000000,138.38174432,0
2022-02-26,0.00000152,0.00000155,0.00000150,0.00000152,68307147.00000000,1645919999999,104.20778648,15717,29381769.00000000,44.95941275,0
2022-02-27,0.00000152,0.00000156,0.00000151,0.00000154,63686217.00000000,1646006399999,97.84299964,14148,35586563.00000000,54.75202253,0
2022-02-28,0.00000154,0.00000155,0.00000139,0.00000143,104431149.00000000,1646092799999,155.31818200,14328,39280261.00000000,58.39638908,0
2022-03-01,0.00000144,0.00000145,0.00000138,0.00000141,71378579.00000000,1646179199999,100.78726652,10272,32795254.00000000,46.39064278,0
2022-03-02,0.00000140,0.00000142,0.00000137,0.00000140,60632267.00000000,1646265599999,84.86956148,8962,29828260.00000000,41.83385950,0
2022-03-03,0.00000141,0.00000142,0.00000138,0.00000142,37219747.00000000,1646351999999,52.07202897,6599,19189654.00000000,26.89472750,0
2022-03-04,0.00000142,0.00000150,0.00000140,0.00000149,51453366.00000000,1646438399999,74.25609761,8541,31178733.00000000,45.01711673,0
2022-03-05,0.00000148,0.00000155,0.00000148,0.00000154,41864124.00000000,1646524799999,63.40743948,7991,24381449.00000000,36.97163397,0
2022-03-06,0.00000153,0.00000157,0.00000152,0.00000153,52788358.00000000,1646611199999,81.34666971,10194,28620076.00000000,44.20595468,0
2022-03-07,0.00000154,0.00000157,0.00000152,0.00000154,71769185.00000000,1646697599999,110.76624703,9079,35237900.00000000,54.46584916,0
2022-03-08,0.00000155,0.00000158,0.00000154,0.00000156,50288808.00000000,1646783999999,78.45873035,7412,25686674.00000000,40.11282577,0
2022-03-09,0.00000157,0.00000159,0.00000143,0.00000145,86175321.00000000,1646870399999,129.21249723,12151,30360432.00000000,45.66141592,0
2022-03-10,0.00000145,0.00000153,0.00000142,0.00000152,77537078.00000000,1646956799999,115.15490643,11264,43865506.00000000,65.17535762,0
2022-03-11,0.00000151,0.00000157,0.00000151,0.00000155,59995601.00000000,1647043199999,92.28123678,9277,34875429.00000000,53.69068302,0
2022-03-12,0.00000155,0.00000156,0.00000152,0.00000153,35223533.00000000,1647129599999,54.10035761,6732,18667370.00000000,28.72281070,0
2022-03-13,0.00000153,0.00000157,0.00000152,0.00000157,26635689.00000000,1647215999999,41.10940918,11058,15353551.00000000,23.74315913,0
2022-03-14,0.00000157,0.00000158,0.00000151,0.00000151,45038534.00000000,1647302399999,69.53885330,9535,20007904.00000000,30.96449875,0
2022-03-15,0.00000151,0.00000157,0.00000151,0.00000154,44260289.00000000,1647388799999,68.36062002,8263,19581057.00000000,30.24222917,0
2022-03-16,0.00000154,0.00000155,0.00000146,0.00000149,99092499.00000000,1647475199999,149.01844827,14726,45143973.00000000,68.02571999,0
2022-03-17,0.00000149,0.00000150,0.00000147,0.00000149,41677278.00000000,1647561599999,61.98333670,8461,18426673.00000000,27.45388840,0
2022-03-18,0.00000149,0.00000150,0.00000145,0.00000147,50011332.00000000,1647647999999,73.83110435,9334,22910436.00000000,33.87730005,0
2022-03-19,0.00000148,0.00000149,0.00000146,0.00000146,32793490.00000000,1647734399999,48.27348973,6653,17842754.00000000,26.28325245,0
2022-03-20,0.00000147,0.00000150,0.00000146,0.00000150,40340862.00000000,1647820799999,59.76671486,7960,22677727.00000000,33.64038637,0
2022-03-21,0.00000149,0.00000151,0.00000148,0.00000151,58912377.00000000,1647907199999,88.05837635,7160,27122662.00000000,40.60751611,0
2022-03-22,0.00000151,0.00000151,0.00000146,0.00000149,59671798.00000000,1647993599999,88.48808579,8825,27602537.00000000,40.99100799,0
2022-03-23,0.00000149,0.00000154,0.00000149,0.00000150,47678427.00000000,1648079999999,72.21394093,11388,26293042.00000000,39.88547221,0
2022-03-24,0.00000150,0.00000153,0.00000148,0.00000150,59559628.00000000,1648166399999,89.19747343,11024,26989569.00000000,40.48766416,0
2022-03-25,0.00000149,0.00000151,0.00000144,0.00000146,33290034.00000000,1648252799999,49.14050235,9097,12661003.00000000,18.80804472,0
2022-03-26,0.00000146,0.00000149,0.00000143,0.00000149,22244067.00000000,1648339199999,32.46655476,8256,12677084.00000000,18.57050328,0
2022-03-27,0.00000148,0.00000156,0.00000147,0.00000148,90574338.00000000,1648425599999,137.02222980,14423,48072926.00000000,72.92270537,0
2022-03-28,0.00000148,0.00000152,0.00000145,0.00000146,64408037.00000000,1648511999999,96.13034473,11821,33079556.00000000,49.47548413,0
2022-03-29,0.00000147,0.00000153,0.00000145,0.00000147,73069434.00000000,1648598399999,108.61145184,10876,29648677.00000000,44.24730927,0
2022-03-30,0.00000147,0.00000158,0.00000144,0.00000156,129082471.00000000,1648684799999,196.39905240,15693,75114449.00000000,114.46166174,0
2022-03-31,0.00000156,0.00000169,0.00000155,0.00000163,172943216.00000000,1648771199999,280.26180553,27314,93653779.00000000,152.06045025,0
2022-04-01,0.00000163,0.00000165,0.00000158,0.00000162,65258093.00000000,1648857599999,105.13123327,10866,32180443.00000000,51.93372913,0
2022-04-02,0.00000162,0.00000165,0.00000158,0.00000160,59247670.00000000,1648943999999,95.26409612,9673,27638279.00000000,44.51898831,0
2022-04-03,0.00000159,0.00000161,0.00000155,0.00000157,28239096.00000000,1649030399999,44.38945580,8214,12340980.00000000,19.42699086,0
2022-04-04,0.00000158,0.00000158,0.00000151,0.00000152,33287328.00000000,1649116799999,51.33560261,8514,13521838.00000000,20.90791442,0
2022-04-05,0.00000151,0.00000154,0.00000151,0.00000152,53834756.00000000,1649203199999,81.99983666,7889,27393952.00000000,41.76420519,0
2022-04-06,0.00000152,0.00000153,0.00000146,0.00000147,47086509.00000000,1649289599999,70.00354545,8054,19356959.00000000,28.79494487,0
2022-04-07,0.00000147,0.00000149,0.00000145,0.00000149,48142922.00000000,1649375999999,70.76350865,7649,23923571.00000000,35.21605069,0
2022-04-08,0.00000148,0.00000150,0.00000145,0.00000148,48333396.00000000,1649462399999,71.18989478,9234,21509433.00000000,31.76888912,0
2022-04-09,0.00000148,0.00000150,0.00000147,0.00000150,29049362.00000000,1649548799999,43.24848251,5290,14528823.00000000,21.67442586,0
2022-04-10,0.00000150,0.00000150,0.00000147,0.00000148,37692686.00000000,1649635199999,55.99604476,5737,19062820.00000000,28.36740214,0
2022-04-11,0.00000148,0.00000149,0.00000143,0.00000148,65891757.00000000,1649721599999,96.07282286,11738,29558366.00000000,43.17485307,0
2022-04-12,0.00000148,0.00000151,0.00000146,0.00000150,48375833.00000000,1649807999999,71.86771648,7216,28716396.00000000,42.73470458,0
2022-04-13,0.00000149,0.00000152,0.00000147,0.00000150,49468870.00000000,1649894399999,73.98479115,7482,25374570.00000000,38.01000297,0
2022-04-14,0.00000149,0.00000152,0.00000147,0.00000151,67051554.00000000,1649980799999,100.06564662,6291,30217093.00000000,45.15488068,0
2022-04-15,0.00000151,0.00000154,0.00000150,0.00000152,43812326.00000000,1650067199999,66.85930022,12238,28781456.00000000,43.95460550,0
2022-04-16,0.00000152,0.00000154,0.00000151,0.00000154,22474776.00000000,1650153599999,34.31987274,5713,11113231.00000000,16.99705977,0
2022-04-17,0.00000154,0.00000156,0.00000151,0.00000152,41767266.00000000,1650239999999,64.28589215,9470,21194512.00000000,32.66442600,0
2022-04-18,0.00000152,0.00000154,0.00000149,0.00000151,35996710.00000000,1650326399999,54.66495142,6932,16058414.00000000,24.44653332,0
2022-04-19,0.00000151,0.00000154,0.00000149,0.00000152,45536985.00000000,1650412799999,69.12462619,7953,27623855.00000000,41.99425389,0
2022-04-20,0.00000153,0.00000153,0.00000149,0.00000152,30788132.00000000,1650499199999,46.51565192,6221,13070065.00000000,19.76487696,0
2022-04-21,0.00000152,0.00000185,0.00000149,0.00000175,417375960.00000000,1650585599999,706.85943481,46193,235470873.00000000,398.47251161,0
2022-04-22,0.00000176,0.00000179,0.00000164,0.00000168,247695970.00000000,1650671999999,421.82813544,21196,137107245.00000000,233.59624929,0
2022-04-23,0.00000168,0.00000175,0.00000167,0.00000172,87079224.00000000,1650758399999,149.55471176,10134,46184131.00000000,79.64143719,0
2022-04-24,0.00000172,0.00000172,0.00000162,0.00000167,164986822.00000000,1650844799999,274.60739014,10270,66616591.00000000,110.11114599,0
2022-04-25,0.00000167,0.00000167,0.00000159,0.00000162,89028616.00000000,1650931199999,144.35612569,10304,30928714.00000000,50.19588550,0
2022-04-26,0.00000161,0.00000165,0.00000159,0.00000162,35768446.00000000,1651017599999,57.68323469,8720,12297727.00000000,19.93985809,0
2022-04-27,0.00000162,0.00000164,0.00000159,0.00000161,36547629.00000000,1651103999999,59.05936857,8089,16018198.00000000,25.96322919,0
2022-04-28,0.00000162,0.00000162,0.00000158,0.00000161,54652672.00000000,1651190399999,87.19229465,9829,17397323.00000000,27.86964702,0
2022-04-29,0.00000161,0.00000180,0.00000160,0.00000165,179760024.00000000,1651276799999,306.08037841,20201,98597913.00000000,167.87381884,0
2022-04-30,0.00000165,0.00000169,0.00000161,0.00000166,110571365.00000000,1651363199999,182.97106578,10517,69543887.00000000,115.17559683,0
2022-05-01,0.00000167,0.00000187,0.00000164,0.00000184,159740790.00000000,1651449599999,282.05922976,20579,93999017.00000000,165.68256436,0
2022-05-02,0.00000184,0.00000189,0.00000167,0.00000179,191274861.00000000,1651535999999,343.20273567,24616,94889327.00000000,170.49724074,0
2022-05-03,0.00000179,0.00000195,0.00000177,0.00000193,193804664.00000000,1651622399999,362.62997455,25623,99814178.00000000,187.27042920,0
2022-05-04,0.00000193,0.00000219,0.00000184,0.00000218,291150406.00000000,1651708799999,583.67400556,39486,162456905.00000000,326.45022859,0
2022-05-05,0.00000218,0.00000227,0.00000198,0.00000203,395601407.00000000,1651795199999,841.38848362,42186,197412808.00000000,420.83056517,0
2022-05-06,0.00000203,0.00000245,0.00000200,0.00000240,411598631.00000000,1651881599999,924.06942728,47781,221494301.00000000,498.00482762,0
2022-05-07,0.00000240,0.00000248,0.00000224,0.00000235,391311660.00000000,1651967999999,924.63737068,49290,192946600.00000000,456.54121820,0
2022-05-08,0.00000235,0.00000268,0.00000231,0.00000258,350347883.00000000,1652054399999,871.87199087,48091,184570377.00000000,460.40437168,0
2022-05-09,0.00000258,0.00000259,0.00000232,0.00000242,458553051.00000000,1652140799999,1124.94245619,46625,221835543.00000000,544.63755263,0
2022-05-10,0.00000242,0.00000261,0.00000237,0.00000248,321273887.00000000,1652227199999,802.53629013,34834,167948656.00000000,419.68063226,0
2022-05-11,0.00000247,0.00000275,0.00000200,0.00000258,972015396.00000000,1652313599999,2243.46018950,92455,478720376.00000000,1103.54847425,0
2022-05-12,0.00000258,0.00000295,0.00000229,0.00000231,518481984.00000000,1652399999999,1341.81429348,64365,232722683.00000000,603.93234183,0
2022-05-13,0.00000232,0.00000255,0.00000228,0.00000254,185585471.00000000,1652486399999,445.97041146,26929,101460856.00000000,244.62145380,0
2022-05-14,0.00000254,0.00000257,0.00000239,0.00000240,93570790.00000000,1652572799999,233.21843624,16440,43521626.00000000,108.67582122,0
2022-05-15,0.00000240,0.00000241,0.00000226,0.00000231,78464825.00000000,1652659199999,182.04837560,15850,36938080.00000000,85.76790219,0
2022-05-16,0.00000231,0.00000236,0.00000227,0.00000232,71512582.00000000,1652745599999,165.83244669,14324,35811152.00000000,83.08134600,0
2022-05-17,0.00000232,0.00000245,0.00000229,0.00000238,74266780.00000000,1652831999999,174.50169234,13299,36625903.00000000,86.17075297,0
2022-05-18,0.00000238,0.00000249,0.00000236,0.00000247,52184720.00000000,1652918399999,126.25727928,11126,27698973.00000000,67.08911149,0
2022-05-19,0.00000248,0.00000255,0.00000242,0.00000242,80575258.00000000,1653004799999,199.53529529,11722,41311259.00000000,102.42833140,0
2022-05-20,0.00000243,0.00000257,0.00000239,0.00000244,87814505.00000000,1653091199999,216.74595398,12997,44897999.00000000,111.23355517,0
2022-05-21,0.00000244,0.00000258,0.00000242,0.00000251,44596969.00000000,1653177599999,111.60476494,8458,24205467.00000000,60.54654671,0
2022-05-22,0.00000252,0.00000260,0.00000249,0.00000258,65884013.00000000,1653263999999,167.31393497,9878,35308087.00000000,89.73720975,0
2022-05-23,0.00000258,0.00000278,0.00000249,0.00000261,134763170.00000000,1653350399999,354.44918281,19219,70884771.00000000,186.77884448,0
2022-05-24,0.00000261,0.00000286,0.00000260,0.00000272,134457267.00000000,1653436799999,368.03393290,19468,71101053.00000000,194.39153479,0
2022-05-25,0.00000271,0.00000296,0.00000269,0.00000287,129152446.00000000,1653523199999,360.83735342,15590,65406025.00000000,183.00049580,0
2022-05-26,0.00000286,0.00000293,0.00000272,0.00000282,188429356.00000000,1653609599999,532.73387917,22565,92329762.00000000,261.66519852,0
2022-05-27,0.00000282,0.00000287,0.00000271,0.00000283,94094480.00000000,1653695999999,263.03082292,13128,51850265.00000000,145.19545106,0
2022-05-28,0.00000283,0.00000287,0.00000274,0.00000280,56947544.00000000,1653782399999,160.01931892,9557,28033763.00000000,78.89676131,0
2022-05-29,0.00000280,0.00000281,0.00000268,0.00000274,61697885.00000000,1653868799999,170.09794403,9221,30274424.00000000,83.65046750,0
2022-05-30,0.00000274,0.00000278,0.00000261,0.00000263,71887257.00000000,1653955199999,193.67133847,13366,33542461.00000000,90.48546156,0
2022-05-31,0.00000263,0.00000266,0.00000250,0.00000265,140946107.00000000,1654041599999,361.05733971,14497,85083612.00000000,217.79323919,0
2022-06-01,0.00000266,0.00000293,0.00000258,0.00000280,228391670.00000000,1654127999999,636.07632792,27036,119070191.00000000,331.80265864,0
2022-06-02,0.00000281,0.00000285,0.00000272,0.00000276,69184273.00000000,1654214399999,192.11450161,12205,34944016.00000000,97.15540202,0
2022-06-03,0.00000277,0.00000282,0.00000271,0.00000273,78269652.00000000,1654300799999,216.48204682,11133,35369495.00000000,98.02845052,0
2022-06-04,0.00000274,0.00000274,0.00000258,0.00000270,106347700.00000000,1654387199999,283.40384789,15145,56426375.00000000,150.60401950,0
2022-06-05,0.00000270,0.00000278,0.00000266,0.00000273,39628037.00000000,1654473599999,107.63042518,10591,19535983.00000000,53.07685905,0
2022-06-06,0.00000273,0.00000273,0.00000258,0.00000260,57247459.00000000,1654559999999,151.77081396,10361,21833536.00000000,57.79522210,0
2022-06-07,0.00000260,0.00000276,0.00000260,0.00000263,112782714.00000000,1654646399999,301.95686547,14029,65172650.00000000,174.65694273,0
2022-06-08,0.00000263,0.00000270,0.00000261,0.00000267,54256441.00000000,1654732799999,144.10684405,10276,28251834.00000000,75.11209209,0
2022-06-09,0.00000266,0.00000271,0.00000265,0.00000270,31114809.00000000,1654819199999,83.35719336,7756,14470357.00000000,38.80538614,0
2022-06-10,0.00000269,0.00000275,0.00000267,0.00000272,58520454.00000000,1654905599999,158.64438422,9554,28317785.00000000,76.85754247,0
2022-06-11,0.00000271,0.00000277,0.00000263,0.00000268,81796685.00000000,1654991999999,220.34016294,11164,32528824.00000000,87.78291676,0
2022-06-12,0.00000268,0.00000287,0.00000267,0.00000287,122834573.00000000,1655078399999,341.08615182,16195,64810860.00000000,180.03548297,0
2022-06-13,0.00000286,0.00000293,0.00000242,0.00000284,577933642.00000000,1655164799999,1543.41634619,69487,292144380.00000000,780.13412562,0
2022-06-14,0.00000284,0.00000290,0.00000238,0.00000251,556765592.00000000,1655251199999,1466.93038607,60175,262470809.00000000,691.37884848,0
2022-06-15,0.00000252,0.00000289,0.00000228,0.00000279,723818301.00000000,1655337599999,1859.13898855,87853,362401326.00000000,931.65115232,0
2022-06-16,0.00000279,0.00000293,0.00000277,0.00000291,163178009.00000000,1655423999999,465.09171112,24570,85793960.00000000,244.72592398,0
2022-06-17,0.00000290,0.00000304,0.00000285,0.00000293,110755816.00000000,1655510399999,324.63036169,19475,58265363.00000000,171.01898534,0
2022-06-18,0.00000293,0.00000341,0.00000292,0.00000321,314179351.00000000,1655596799999,997.13171659,40522,158677673.00000000,502.21337980,0
2022-06-19,0.00000320,0.00000333,0.00000296,0.00000298,278377497.00000000,1655683199999,870.61694630,35748,137826505.00000000,431.70075161,0
2022-06-20,0.00000298,0.00000309,0.00000292,0.00000297,153036055.00000000,1655769599999,457.50192010,20667,64739109.00000000,193.96557464,0
2022-06-21,0.00000298,0.00000315,0.00000297,0.00000313,113061754.00000000,1655855999999,345.28267748,17363,62745409.00000000,191.79968437,0
2022-06-22,0.00000313,0.00000323,0.00000308,0.00000316,80878140.00000000,1655942399999,255.90431692,15081,43316019.00000000,137.22675563,0
2022-06-23,0.00000315,0.00000317,0.00000299,0.00000303,75436698.00000000,1656028799999,231.52348111,13824,32258530.00000000,99.16845875,0
2022-06-24,0.00000303,0.00000315,0.00000301,0.00000310,71659781.00000000,1656115199999,221.42787465,13426,36419580.00000000,112.62609420,0
2022-06-25,0.00000310,0.00000311,0.00000301,0.00000301,38027049.00000000,1656201599999,116.16968926,8687,17323490.00000000,53.00499726,0
2022-06-26,0.00000302,0.00000311,0.00000300,0.00000309,34365037.00000000,1656287999999,104.49719808,7569,19526740.00000000,59.42031503,0
2022-06-27,0.00000310,0.00000331,0.00000309,0.00000324,75446495.00000000,1656374399999,243.40451370,14809,40999233.00000000,132.15676290,0
2022-06-28,0.00000323,0.00000336,0.00000316,0.00000325,61191856.00000000,1656460799999,198.02665239,13653,31587851.00000000,102.42230528,0
2022-06-29,0.00000325,0.00000329,0.00000320,0.00000322,47256699.00000000,1656547199999,153.21244352,11181,23620757.00000000,76.65157729,0
2022-06-30,0.00000323,0.00000337,0.00000320,0.00000325,75268034.00000000,1656633599999,248.41521057,16146,37260379.00000000,123.07906927,0
2022-07-01,0.00000325,0.00000340,0.00000318,0.00000338,69289171.00000000,1656719999999,229.08698147,15435,34911850.00000000,115.52461966,0
2022-07-02,0.00000337,0.00000340,0.00000335,0.00000337,22488450.00000000,1656806399999,75.99429380,6802,11035246.00000000,37.33676368,0
2022-07-03,0.00000336,0.00000345,0.00000329,0.00000344,40769985.00000000,1656892799999,136.66478598,10055,21739045.00000000,72.97310984,0
2022-07-04,0.00000344,0.00000350,0.00000331,0.00000333,49655584.00000000,1656979199999,168.90282826,12101,19977077.00000000,68.09310421,0
2022-07-05,0.00000332,0.00000346,0.00000332,0.00000338,62412890.00000000,1657065599999,211.05349871,12045,32996765.00000000,111.71204516,0
2022-07-06,0.00000338,0.00000341,0.00000328,0.00000328,41792741.00000000,1657151999999,139.97127432,10774,18559220.00000000,62.29454167,0
2022-07-07,0.00000329,0.00000331,0.00000315,0.00000317,46018536.00000000,1657238399999,149.47438387,11542,20423465.00000000,66.48450335,0
2022-07-08,0.00000317,0.00000321,0.00000310,0.00000320,88294100.00000000,1657324799999,278.78868069,13439,41416084.00000000,130.95297035,0
2022-07-09,0.00000320,0.00000332,0.00000319,0.00000324,44936011.00000000,1657411199999,145.93274796,9789,23212377.00000000,75.44775479,0
2022-07-10,0.00000324,0.00000327,0.00000319,0.00000324,38296239.00000000,1657497599999,123.95660841,8460,19506630.00000000,63.20155860,0
2022-07-11,0.00000324,0.00000326,0.00000319,0.00000325,33510257.00000000,1657583999999,108.11539829,6505,14756646.00000000,47.67397600,0
2022-07-12,0.00000325,0.00000337,0.00000323,0.00000334,36855454.00000000,1657670399999,121.57555626,8279,22511534.00000000,74.33307438,0
2022-07-13,0.00000335,0.00000338,0.00000326,0.00000327,57627280.00000000,1657756799999,191.20321599,11587,26537030.00000000,88.25182529,0
2022-07-14,0.00000327,0.00000333,0.00000323,0.00000325,30862478.00000000,1657843199999,100.93329197,8296,14916575.00000000,48.86975072,0
2022-07-15,0.00000324,0.00000328,0.00000319,0.00000322,29220396.00000000,1657929599999,94.38015795,7857,14666847.00000000,47.39866720,0
2022-07-16,0.00000322,0.00000329,0.00000319,0.00000326,21620340.00000000,1658015999999,69.81427172,6693,12181569.00000000,39.38512671,0
2022-07-17,0.00000325,0.00000326,0.00000318,0.00000325,25249830.00000000,1658102399999,81.28159335,7037,11476775.00000000,36.97576677,0
2022-07-18,0.00000324,0.00000325,0.00000305,0.00000306,67179898.00000000,1658188799999,210.95538261,13759,30291742.00000000,95.17323956,0
2022-07-19,0.00000307,0.00000314,0.00000292,0.00000295,92262227.00000000,1658275199999,279.90010884,16338,43233754.00000000,131.54445057,0
2022-07-20,0.00000296,0.00000299,0.00000285,0.00000290,65025297.00000000,1658361599999,189.93911233,11270,29686145.00000000,86.82480112,0
2022-07-21,0.00000291,0.00000299,0.00000289,0.00000294,39576625.00000000,1658447999999,116.44754275,7900,19125007.00000000,56.30589243,0
2022-07-22,0.00000294,0.00000300,0.00000288,0.00000295,41660612.00000000,1658534399999,122.44123902,7656,21599993.00000000,63.54133012,0
2022-07-23,0.00000296,0.00000301,0.00000293,0.00000298,21832025.00000000,1658620799999,64.89623507,5471,13383497.00000000,39.83275622,0
2022-07-24,0.00000299,0.00000301,0.00000294,0.00000296,17715390.00000000,1658707199999,52.58269863,5137,8042053.00000000,23.88927633,0
2022-07-25,0.00000296,0.00000301,0.00000291,0.00000299,37564143.00000000,1658793599999,111.69707888,7759,19947546.00000000,59.35153810,0
2022-07-26,0.00000298,0.00000311,0.00000297,0.00000307,36378230.00000000,1658879999999,110.79416867,8543,21337003.00000000,64.98271102,0
2022-07-27,0.00000308,0.00000313,0.00000295,0.00000300,47073082.00000000,1658966399999,143.59720362,10156,21593712.00000000,65.93711365,0
2022-07-28,0.00000299,0.00000301,0.00000289,0.00000292,50894379.00000000,1659052799999,149.99832216,11311,24272997.00000000,71.63363243,0
2022-07-29,0.00000293,0.00000301,0.00000287,0.00000292,42809144.00000000,1659139199999,125.27984251,9948,19318967.00000000,56.65864170,0
2022-07-30,0.00000291,0.00000296,0.00000287,0.00000292,23683031.00000000,1659225599999,69.05761905,8019,13137790.00000000,38.34515696,0
2022-07-31,0.00000292,0.00000298,0.00000291,0.00000296,23317845.00000000,1659311999999,68.74369189,7270,12946415.00000000,38.19474598,0
2022-08-01,0.00000295,0.00000311,0.00000295,0.00000300,53691883.00000000,1659398399999,162.96400398,11838,26492100.00000000,80.28639358,0
2022-08-02,0.00000301,0.00000305,0.00000295,0.00000297,32108560.00000000,1659484799999,96.19305330,10573,16326071.00000000,48.95721302,0
2022-08-03,0.00000298,0.00000300,0.00000292,0.00000298,22963002.00000000,1659571199999,67.90025707,7706,10775415.00000000,31.91044536,0
2022-08-04,0.00000297,0.00000308,0.00000293,0.00000305,29010447.00000000,1659657599999,86.87397548,8246,15423444.00000000,46.33664435,0
2022-08-05,0.00000305,0.00000306,0.00000298,0.00000299,24817045.00000000,1659743999999,74.61584058,7755,9631226.00000000,29.01498487,0
2022-08-06,0.00000299,0.00000305,0.00000299,0.00000302,13126306.00000000,1659830399999,39.61376542,4483,6214862.00000000,18.78377400,0
2022-08-07,0.00000302,0.00000305,0.00000300,0.00000301,12456229.00000000,1659916799999,37.69239246,4389,6140286.00000000,18.59460833,0
2022-08-08,0.00000301,0.00000302,0.00000291,0.00000294,18573403.00000000,1660003199999,54.78428363,6460,8425465.00000000,24.83800274,0
2022-08-09,0.00000294,0.00000299,0.00000293,0.00000296,16289991.00000000,1660089599999,48.23001332,5327,7310211.00000000,21.66917997,0
2022-08-10,0.00000296,0.00000300,0.00000290,0.00000294,30928417.00000000,1660175999999,91.23537158,7999,13216219.00000000,39.09805502,0
2022-08-11,0.00000294,0.00000295,0.00000285,0.00000294,23818506.00000000,1660262399999,68.99270885,8613,11231595.00000000,32.58593262,0
2022-08-12,0.00000293,0.00000295,0.00000288,0.00000289,18572110.00000000,1660348799999,54.28669165,6268,7566900.00000000,22.16196787,0
2022-08-13,0.00000289,0.00000290,0.00000283,0.00000287,14756444.00000000,1660435199999,42.25393385,5732,5900962.00000000,16.91887476,0
2022-08-14,0.00000287,0.00000293,0.00000282,0.00000290,23257027.00000000,1660521599999,67.23436533,7039,12342835.00000000,35.68776936,0
2022-08-15,0.00000290,0.00000290,0.00000280,0.00000286,20596150.00000000,1660607999999,58.66853643,8078,9452770.00000000,26.98891342,0
2022-08-16,0.00000286,0.00000297,0.00000284,0.00000293,23739708.00000000,1660694399999,69.01459451,7229,12967066.00000000,37.78471875,0
2022-08-17,0.00000292,0.00000297,0.00000290,0.00000292,18664514.00000000,1660780799999,54.67460816,6739,8447620.00000000,24.79086524,0
2022-08-18,0.00000293,0.00000294,0.00000287,0.00000291,14604828.00000000,1660867199999,42.47993391,5788,6862851.00000000,19.99106412,0
2022-08-19,0.00000290,0.00000308,0.00000289,0.00000307,39587171.00000000,1660953599999,118.84495183,11390,24118984.00000000,72.45594630,0
2022-08-20,0.00000308,0.00000313,0.00000305,0.00000311,16179171.00000000,1661039999999,49.96865654,5912,9813625.00000000,30.34792063,0
2022-08-21,0.00000312,0.00000312,0.00000304,0.00000306,13338393.00000000,1661126399999,40.95536476,5575,6277011.00000000,19.30188697,0
2022-08-22,0.00000307,0.00000312,0.00000305,0.00000306,14811444.00000000,1661212799999,45.55500726,6148,8452740.00000000,26.03585392,0
2022-08-23,0.00000307,0.00000314,0.00000305,0.00000308,24880245.00000000,1661299199999,76.80289964,7074,13583203.00000000,41.97381225,0
2022-08-24,0.00000308,0.00000310,0.00000299,0.00000304,17076694.00000000,1661385599999,52.01546667,5894,7615152.00000000,23.25288821,0
2022-08-25,0.00000303,0.00000305,0.00000300,0.00000303,16386545.00000000,1661471999999,49.57876097,4993,9869462.00000000,29.89264288,0
2022-08-26,0.00000304,0.00000308,0.00000299,0.00000305,29761287.00000000,1661558399999,90.36145136,8714,16062160.00000000,48.83500390,0
2022-08-27,0.00000304,0.00000315,0.00000303,0.00000314,21600786.00000000,1661644799999,66.73138721,6903,11591493.00000000,35.86974787,0
2022-08-28,0.00000313,0.00000315,0.00000311,0.00000314,10985702.00000000,1661731199999,34.41835181,4746,4643600.00000000,14.57194541,0
2022-08-29,0.00000314,0.00000314,0.00000308,0.00000313,20970435.00000000,1661817599999,65.33851530,7480,10835351.00000000,33.79888003,0
2022-08-30,0.00000313,0.00000336,0.00000308,0.00000327,66157504.00000000,1661903999999,213.43964283,14964,36781732.00000000,118.66712826,0
2022-08-31,0.00000326,0.00000327,0.00000313,0.00000317,30541595.00000000,1661990399999,97.19983129,9360,13683816.00000000,43.54090366,0
2022-09-01,0.00000317,0.00000318,0.00000313,0.00000315,14623678.00000000,1662076799999,46.09570429,5761,7376428.00000000,23.27439906,0
2022-09-02,0.00000314,0.00000317,0.00000311,0.00000313,16298046.00000000,1662163199999,51.05631795,4970,8699286.00000000,27.27618675,0
2022-09-03,0.00000313,0.00000320,0.00000312,0.00000319,8324133.00000000,1662249599999,26.37735780,3442,5246592.00000000,16.63874932,0
2022-09-04,0.00000318,0.00000321,0.00000315,0.00000318,9617641.00000000,1662335999999,30.65802877,4266,5377808.00000000,17.16018214,0
2022-09-05,0.00000317,0.00000320,0.00000315,0.00000318,11109231.00000000,1662422399999,35.28049391,4682,4977716.00000000,15.83055025,0
2022-09-06,0.00000318,0.00000325,0.00000314,0.00000324,30786517.00000000,1662508799999,98.47429267,8874,16767985.00000000,53.74019830,0
2022-09-07,0.00000323,0.00000325,0.00000317,0.00000321,18777392.00000000,1662595199999,60.36675122,6213,9097994.00000000,29.31183240,0
2022-09-08,0.00000321,0.00000321,0.00000312,0.00000318,39367944.00000000,1662681599999,124.25123693,8838,19582731.00000000,61.89943068,0
2022-09-09,0.00000317,0.00000318,0.00000295,0.00000297,35662597.00000000,1662767999999,108.13825768,10922,14113474.00000000,42.77216171,0
2022-09-10,0.00000297,0.00000303,0.00000294,0.00000299,28957315.00000000,1662854399999,86.41826304,6956,14621722.00000000,43.69675327,0
2022-09-11,0.00000299,0.00000302,0.00000293,0.00000294,27582226.00000000,1662940799999,81.94707653,6807,14300361.00000000,42.54153315,0
2022-09-12,0.00000295,0.00000296,0.00000283,0.00000286,37338168.00000000,1663027199999,107.91011511,9798,17398656.00000000,50.33010632,0
2022-09-13,0.00000285,0.00000306,0.00000280,0.00000301,45112089.00000000,1663113599999,131.65314554,11583,25855765.00000000,75.74194682,0
2022-09-14,0.00000300,0.00000310,0.00000298,0.00000305,35413966.00000000,1663199999999,107.53224096,9019,19721107.00000000,59.98371785,0
2022-09-15,0.00000304,0.00000312,0.00000302,0.00000311,41906318.00000000,1663286399999,128.44718121,9200,22836095.00000000,70.07340209,0
2022-09-16,0.00000312,0.00000314,0.00000308,0.00000309,24779344.00000000,1663372799999,77.02877012,6879,13909976.00000000,43.27478597,0
2022-09-17,0.00000310,0.00000312,0.00000307,0.00000310,20430794.00000000,1663459199999,63.22173694,5144,9523285.00000000,29.50097050,0
2022-09-18,0.00000310,0.00000316,0.00000309,0.00000314,21460638.00000000,1663545599999,67.11574099,6767,11352380.00000000,35.53359540,0
2022-09-19,0.00000313,0.00000325,0.00000306,0.00000309,65006843.00000000,1663631999999,205.40432653,13415,30016971.00000000,95.24114016,0
2022-09-20,0.00000309,0.00000318,0.00000307,0.00000316,34249629.00000000,1663718399999,107.43426228,8792,18241789.00000000,57.28066107,0
2022-09-21,0.00000316,0.00000323,0.00000305,0.00000319,68161410.00000000,1663804799999,214.13070638,13273,36603526.00000000,115.41254394,0
2022-09-22,0.00000320,0.00000322,0.00000309,0.00000311,39929944.00000000,1663891199999,125.28493378,9565,16991648.00000000,53.39959397,0
2022-09-23,0.00000311,0.00000321,0.00000310,0.00000314,31049138.00000000,1663977599999,98.25888639,8205,15762021.00000000,49.93914389,0
2022-09-24,0.00000313,0.00000319,0.00000313,0.00000317,16874502.00000000,1664063999999,53.38411432,4986,8706447.00000000,27.56564098,0
2022-09-25,0.00000317,0.00000319,0.00000313,0.00000318,12318514.00000000,1664150399999,38.92267078,4411,6523271.00000000,20.63423141,0
2022-09-26,0.00000318,0.00000318,0.00000309,0.00000310,21115766.00000000,1664236799999,65.97788568,6508,7799115.00000000,24.42647456,0
2022-09-27,0.00000310,0.00000315,0.00000297,0.00000312,44603576.00000000,1664323199999,136.11458054,11410,21896436.00000000,66.94699328,0
2022-09-28,0.00000312,0.00000317,0.00000302,0.00000307,32515399.00000000,1664409599999,100.61306832,8698,14489612.00000000,44.99866829,0
2022-09-29,0.00000306,0.00000319,0.00000305,0.00000312,32186104.00000000,1664495999999,100.09386704,9660,17963766.00000000,55.92208941,0
2022-09-30,0.00000312,0.00000318,0.00000307,0.00000315,37332517.00000000,1664582399999,116.92004037,10138,17975373.00000000,56.46260003,0
2022-10-01,0.00000315,0.00000318,0.00000312,0.00000314,9670787.00000000,1664668799999,30.46334789,4844,4707591.00000000,14.84938973,0
2022-10-02,0.00000313,0.00000323,0.00000312,0.00000319,25957733.00000000,1664755199999,82.69430110,7631,14819314.00000000,47.26102695,0
2022-10-03,0.00000319,0.00000321,0.00000312,0.00000312,30702984.00000000,1664841599999,97.04041791,6941,11590979.00000000,36.77928772,0
2022-10-04,0.00000312,0.00000314,0.00000305,0.00000307,25963092.00000000,1664927999999,80.07157251,7239,8571646.00000000,26.47117639,0
2022-10-05,0.00000306,0.00000314,0.00000306,0.00000309,18186842.00000000,1665014399999,56.40829906,6274,11176858.00000000,34.70397139,0
2022-10-06,0.00000310,0.00000318,0.00000305,0.00000314,33528756.00000000,1665100799999,104.66505013,7276,18243545.00000000,57.09086517,0
2022-10-07,0.00000314,0.00000322,0.00000313,0.00000320,25547374.00000000,1665187199999,81.09522744,7522,15530353.00000000,49.38842103,0
2022-10-08,0.00000320,0.00000322,0.00000318,0.00000320,9694080.00000000,1665273599999,30.99463630,4690,4264039.00000000,13.65127084,0
2022-10-09,0.00000320,0.00000323,0.00000319,0.00000320,7331929.00000000,1665359999999,23.52125567,4129,3343908.00000000,10.73565967,0
2022-10-10,0.00000321,0.00000338,0.00000319,0.00000327,46092652.00000000,1665446399999,152.03863170,12763,27359899.00000000,90.24292722,0
2022-10-11,0.00000327,0.00000329,0.00000321,0.00000323,31707969.00000000,1665532799999,102.56582881,7861,10175393.00000000,32.93385289,0
2022-10-12,0.00000324,0.00000338,0.00000321,0.00000323,40569368.00000000,1665619199999,133.39722170,9933,19690705.00000000,64.86974672,0
2022-10-13,0.00000323,0.00000327,0.00000313,0.00000315,40354073.00000000,1665705599999,129.34152831,10364,19039921.00000000,61.12193104,0
2022-10-14,0.00000315,0.00000336,0.00000309,0.00000334,65312928.00000000,1665791999999,211.32381733,14404,34577534.00000000,112.21795008,0
2022-10-15,0.00000333,0.00000340,0.00000323,0.00000324,29789176.00000000,1665878399999,98.57952798,8299,12630963.00000000,41.87941007,0
2022-10-16,0.00000324,0.00000325,0.00000318,0.00000321,12842001.00000000,1665964799999,41.28927085,5705,5637367.00000000,18.14554859,0
2022-10-17,0.00000321,0.00000328,0.00000317,0.00000320,18106310.00000000,1666051199999,58.32404765,6422,8853938.00000000,28.60405631,0
2022-10-18,0.00000320,0.00000324,0.00000318,0.00000322,21386634.00000000,1666137599999,68.65265040,5688,9426516.00000000,30.28644411,0
2022-10-19,0.00000322,0.00000330,0.00000321,0.00000323,22062302.00000000,1666223999999,71.85609494,6544,12211981.00000000,39.84579239,0
2022-10-20,0.00000323,0.00000328,0.00000322,0.00000327,12120602.00000000,1666310399999,39.45106980,5042,7171165.00000000,23.36262368,0
2022-10-21,0.00000326,0.00000331,0.00000320,0.00000322,34521430.00000000,1666396799999,111.89911100,6802,15518089.00000000,50.41933596,0
2022-10-22,0.00000322,0.00000323,0.00000319,0.00000321,12911194.00000000,1666483199999,41.37879299,3897,5267830.00000000,16.92982554,0
2022-10-23,0.00000320,0.00000323,0.00000314,0.00000316,17039783.00000000,1666569599999,54.16521207,5193,7799415.00000000,24.81733713,0
2022-10-24,0.00000316,0.00000320,0.00000315,0.00000317,15693914.00000000,1666655999999,49.92002815,4163,8689695.00000000,27.68790181,0
2022-10-25,0.00000317,0.00000320,0.00000307,0.00000311,23697528.00000000,1666742399999,74.22961298,5817,9470221.00000000,29.67158435,0
2022-10-26,0.00000310,0.00000312,0.00000301,0.00000306,28597297.00000000,1666828799999,87.58192879,6671,12305527.00000000,37.69387737,0
2022-10-27,0.00000305,0.00000311,0.00000304,0.00000311,24816010.00000000,1666915199999,76.43911177,6201,14885153.00000000,45.87678624,0
2022-10-28,0.00000311,0.00000314,0.00000306,0.00000309,17639906.00000000,1667001599999,54.72300449,5245,9554670.00000000,29.71881418,0
2022-10-29,0.00000308,0.00000311,0.00000304,0.00000309,26471703.00000000,1667087999999,81.46971339,5648,11926281.00000000,36.74451279,0
2022-10-30,0.00000309,0.00000311,0.00000305,0.00000305,20876557.00000000,1667174399999,64.38798727,4743,10436537.00000000,32.21397391,0
2022-10-31,0.00000305,0.00000310,0.00000303,0.00000308,30296071.00000000,1667260799999,92.97013592,6017,17970478.00000000,55.24282797,0
2022-11-01,0.00000309,0.00000310,0.00000305,0.00000307,27994548.00000000,1667347199999,86.01102154,4971,13504915.00000000,41.55508258,0
2022-11-02,0.00000306,0.00000308,0.00000303,0.00000306,23161488.00000000,1667433599999,70.72901333,5758,11298186.00000000,34.54496051,0
2022-11-03,0.00000305,0.00000309,0.00000303,0.00000305,23104489.00000000,1667519999999,70.69018662,4970,10745506.00000000,32.93587288,0
2022-11-04,0.00000305,0.00000307,0.00000298,0.00000302,27369895.00000000,1667606399999,82.80534805,6904,12299986.00000000,37.28303969,0
2022-11-05,0.00000301,0.00000304,0.00000297,0.00000299,16946889.00000000,1667692799999,50.89738171,4695,8759051.00000000,26.33681980,0
2022-11-06,0.00000298,0.00000308,0.00000297,0.00000299,33957598.00000000,1667779199999,102.96398604,6048,20259078.00000000,61.59482916,0
2022-11-07,0.00000299,0.00000304,0.00000298,0.00000302,19680698.00000000,1667865599999,59.17205661,4529,8698734.00000000,26.19246430,0
2022-11-08,0.00000302,0.00000328,0.00000300,0.00000317,108328117.00000000,1667951999999,340.34214505,21661,63758594.00000000,200.40382186,0
2022-11-09,0.00000316,0.00000356,0.00000315,0.00000336,214657960.00000000,1668038399999,722.73418124,43439,112219488.00000000,377.79911811,0
2022-11-10,0.00000336,0.00000363,0.00000320,0.00000328,327817654.00000000,1668124799999,1110.04649741,51943,166418736.00000000,564.64167865,0
2022-11-11,0.00000329,0.00000337,0.00000322,0.00000328,84432802.00000000,1668211199999,278.63852541,16770,41638330.00000000,137.53441368,0
2022-11-12,0.00000329,0.00000330,0.00000316,0.00000327,42633148.00000000,1668297599999,138.18040117,8737,18711239.00000000,60.71383757,0
2022-11-13,0.00000327,0.00000334,0.00000305,0.00000312,84522963.00000000,1668383999999,267.21530774,14546,39393882.00000000,124.66518844,0
2022-11-14,0.00000311,0.00000318,0.00000284,0.00000302,168289589.00000000,1668470399999,500.51876074,28828,81641013.00000000,243.62533667,0
2022-11-15,0.00000302,0.00000310,0.00000297,0.00000301,78286113.00000000,1668556799999,236.12789345,10997,33494738.00000000,101.25395201,0
2022-11-16,0.00000300,0.00000309,0.00000298,0.00000301,39147334.00000000,1668643199999,118.54106257,6636,17775692.00000000,53.93597777,0
2022-11-17,0.00000301,0.00000305,0.00000296,0.00000299,39376856.00000000,1668729599999,118.11524043,5808,23441636.00000000,70.35806426,0
2022-11-18,0.00000300,0.00000306,0.00000298,0.00000304,27548382.00000000,1668815999999,83.37353303,4956,16462540.00000000,49.86381311,0
2022-11-19,0.00000304,0.00000317,0.00000303,0.00000312,36878707.00000000,1668902399999,114.93177718,5959,19935505.00000000,62.14650472,0
2022-11-20,0.00000312,0.00000314,0.00000304,0.00000307,14431142.00000000,1668988799999,44.49695971,4540,5705078.00000000,17.63096652,0
2022-11-21,0.00000308,0.00000327,0.00000306,0.00000327,33896492.00000000,1669075199999,107.54151903,8161,21713111.00000000,68.95641828,0
2022-11-22,0.00000326,0.00000332,0.00000310,0.00000312,65476400.00000000,1669161599999,207.82187612,11845,30029662.00000000,95.61646870,0
2022-11-23,0.00000313,0.00000314,0.00000305,0.00000312,16436377.00000000,1669247999999,50.95138455,6071,7781831.00000000,24.16312213,0
2022-11-24,0.00000312,0.00000325,0.00000310,0.00000318,40935004.00000000,1669334399999,129.75559213,8113,22841667.00000000,72.49406647,0
2022-11-25,0.00000319,0.00000325,0.00000315,0.00000321,27509098.00000000,1669420799999,88.16236561,6031,14882060.00000000,47.74702985,0
2022-11-26,0.00000321,0.00000324,0.00000319,0.00000321,8791845.00000000,1669507199999,28.21602611,3646,5078637.00000000,16.31849284,0
2022-11-27,0.00000321,0.00000328,0.00000320,0.00000325,15045634.00000000,1669593599999,48.77189394,3898,8685941.00000000,28.16788101,0
2022-11-28,0.00000325,0.00000332,0.00000322,0.00000327,31040280.00000000,1669679999999,101.60305599,6759,19468004.00000000,63.79272338,0
2022-11-29,0.00000327,0.00000331,0.00000323,0.00000324,20076832.00000000,1669766399999,65.61608599,5108,9385325.00000000,30.70718044,0
2022-11-30,0.00000324,0.00000325,0.00000317,0.00000319,14531024.00000000,1669852799999,46.56727138,4581,5877141.00000000,18.85240251,0
2022-12-01,0.00000318,0.00000323,0.00000317,0.00000319,12566628.00000000,1669939199999,40.12171187,3609,6633166.00000000,21.21635853,0
2022-12-02,0.00000319,0.00000322,0.00000318,0.00000319,13741371.00000000,1670025599999,43.97192158,3616,8175729.00000000,26.18689935,0
2022-12-03,0.00000318,0.00000320,0.00000316,0.00000317,11495580.00000000,1670111999999,36.54137004,3101,4928122.00000000,15.68465784,0
2022-12-04,0.00000317,0.00000319,0.00000309,0.00000310,16172279.00000000,1670198399999,50.76366823,4701,6088967.00000000,19.14277566,0
2022-12-05,0.00000311,0.00000315,0.00000307,0.00000315,17223555.00000000,1670284799999,53.45661353,4831,9003931.00000000,27.98887722,0
2022-12-06,0.00000314,0.00000316,0.00000309,0.00000314,21167228.00000000,1670371199999,66.10345720,4021,11275281.00000000,35.23730118,0
2022-12-07,0.00000314,0.00000318,0.00000312,0.00000316,17085009.00000000,1670457599999,53.81847343,3797,11272873.00000000,35.53452284,0
2022-12-08,0.00000315,0.00000319,0.00000312,0.00000317,12396179.00000000,1670543999999,39.19975465,3997,6748775.00000000,21.37448731,0
2022-12-09,0.00000317,0.00000321,0.00000315,0.00000319,19527631.00000000,1670630399999,62.04994246,4286,7674861.00000000,24.43509368,0
2022-12-10,0.00000319,0.00000325,0.00000319,0.00000320,19345444.00000000,1670716799999,62.12749401,4366,8270611.00000000,26.60741007,0
2022-12-11,0.00000320,0.00000321,0.00000314,0.00000316,9881657.00000000,1670803199999,31.37139180,3272,3039072.00000000,9.67214088,0
2022-12-12,0.00000316,0.00000318,0.00000307,0.00000311,36904265.00000000,1670889599999,114.89550805,6745,17445302.00000000,54.31484093,0
2022-12-13,0.00000312,0.00000312,0.00000300,0.00000307,30186123.00000000,1670975999999,92.48822980,5639,12092340.00000000,37.11422352,0
2022-12-14,0.00000306,0.00000319,0.00000305,0.00000313,37683682.00000000,1671062399999,117.91221289,6979,19738619.00000000,61.78569072,0
2022-12-15,0.00000313,0.00000323,0.00000311,0.00000321,20006546.00000000,1671148799999,63.53578225,5328,11828171.00000000,37.62168404,0
2022-12-16,0.00000321,0.00000326,0.00000316,0.00000319,26207300.00000000,1671235199999,84.25630064,7008,14685837.00000000,47.30868343,0
2022-12-17,0.00000319,0.00000328,0.00000313,0.00000327,27363426.00000000,1671321599999,87.54538730,6511,16252969.00000000,52.18714183,0
2022-12-18,0.00000327,0.00000330,0.00000317,0.00000322,18056628.00000000,1671407999999,58.24424235,5746,8104542.00000000,26.19528588,0
2022-12-19,0.00000322,0.00000328,0.00000319,0.00000326,19501140.00000000,1671494399999,63.06754742,5163,10852128.00000000,35.11038971,0
2022-12-20,0.00000325,0.00000328,0.00000321,0.00000325,18804061.00000000,1671580799999,60.93712260,5594,11057555.00000000,35.86708404,0
2022-12-21,0.00000325,0.00000329,0.00000324,0.00000327,13734275.00000000,1671667199999,44.87545285,4288,7633294.00000000,24.98203686,0
2022-12-22,0.00000326,0.00000333,0.00000325,0.00000330,18208094.00000000,1671753599999,59.97540633,4642,8289025.00000000,27.35151289,0
2022-12-23,0.00000331,0.00000332,0.00000322,0.00000324,18044516.00000000,1671839999999,58.79038102,5298,7591083.00000000,24.75100507,0
2022-12-24,0.00000323,0.00000326,0.00000321,0.00000325,11246953.00000000,1671926399999,36.38736518,3610,5821711.00000000,18.85273942,0
2022-12-25,0.00000325,0.00000328,0.00000323,0.00000326,10159022.00000000,1672012799999,33.03452849,3870,4955485.00000000,16.12535367,0
2022-12-26,0.00000326,0.00000327,0.00000322,0.00000323,16995081.00000000,1672099199999,55.13102894,5320,6435928.00000000,20.90768895,0
2022-12-27,0.00000322,0.00000326,0.00000320,0.00000324,35844618.00000000,1672185599999,115.59779052,5508,11472188.00000000,37.04444171,0
2022-12-28,0.00000324,0.00000330,0.00000320,0.00000327,27275310.00000000,1672271999999,88.65796551,5689,14790078.00000000,48.15047839,0
2022-12-29,0.00000327,0.00000329,0.00000321,0.00000325,15448673.00000000,1672358399999,50.27270921,5052,6337533.00000000,20.66244746,0
2022-12-30,0.00000325,0.00000330,0.00000322,0.00000328,16202919.00000000,1672444799999,52.91411930,4617,9054127.00000000,29.61440661,0
2022-12-31,0.00000328,0.00000334,0.00000327,0.00000329,22054189.00000000,1672531199999,72.84966902,4767,8402530.00000000,27.79863522,0
2023-01-01,0.00000329,0.00000332,0.00000329,0.00000329,9924140.00000000,1672617599999,32.79628253,3725,4412848.00000000,14.59665844,0
2023-01-02,0.00000330,0.00000332,0.00000327,0.00000330,11715879.00000000,1672703999999,38.66902927,3618,5433903.00000000,17.94978126,0
2023-01-03,0.00000330,0.00000334,0.00000328,0.00000329,17110287.00000000,1672790399999,56.64105493,4658,8064271.00000000,26.73166605,0
2023-01-04,0.00000328,0.00000331,0.00000323,0.00000325,17178872.00000000,1672876799999,56.23402393,4427,7257894.00000000,23.79779715,0
2023-01-05,0.00000325,0.00000327,0.00000317,0.00000319,22352490.00000000,1672963199999,71.98387398,4758,8976671.00000000,28.92991757,0
2023-01-06,0.00000320,0.00000320,0.00000296,0.00000310,139702528.00000000,1673049599999,425.31415942,18765,63744950.00000000,194.04611908,0
2023-01-07,0.00000310,0.00000312,0.00000303,0.00000307,22940962.00000000,1673135999999,70.38978685,4988,10345964.00000000,31.76582312,0
2023-01-08,0.00000307,0.00000318,0.00000303,0.00000317,23859896.00000000,1673222399999,74.23768666,5395,13671531.00000000,42.60010712,0
2023-01-09,0.00000318,0.00000329,0.00000313,0.00000318,50668766.00000000,1673308799999,162.34675978,9806,28216350.00000000,90.57828634,0
2023-01-10,0.00000318,0.00000320,0.00000312,0.00000314,25562232.00000000,1673395199999,80.58751506,4772,11774239.00000000,37.16953614,0
2023-01-11,0.00000314,0.00000319,0.00000314,0.00000315,16665482.00000000,1673481599999,52.69931765,4241,8380138.00000000,26.52337159,0
2023-01-12,0.00000315,0.00000317,0.00000299,0.00000304,35821220.00000000,1673567999999,109.79819499,7726,11449619.00000000,35.25381034,0
2023-01-13,0.00000304,0.00000309,0.00000297,0.00000301,37484180.00000000,1673654399999,113.17200328,7400,19265512.00000000,58.26696497,0
2023-01-14,0.00000302,0.00000314,0.00000291,0.00000295,87716548.00000000,1673740799999,265.99918216,14938,41858222.00000000,127.23313846,0
2023-01-15,0.00000295,0.00000301,0.00000293,0.00000299,23494512.00000000,1673827199999,70.03423760,4877,15857917.00000000,47.31954803,0
2023-01-16,0.00000298,0.00000300,0.00000293,0.00000294,34028010.00000000,1673913599999,100.87744631,6417,14209322.00000000,42.18489452,0
2023-01-17,0.00000295,0.00000296,0.00000290,0.00000292,24444675.00000000,1673999999999,71.57622022,4805,10743449.00000000,31.48065808,0
2023-01-18,0.00000292,0.00000294,0.00000284,0.00000285,37908194.00000000,1674086399999,109.64994472,5894,18932378.00000000,54.81397277,0
2023-01-19,0.00000284,0.00000288,0.00000284,0.00000285,9814706.00000000,1674172799999,28.06485094,2737,4508176.00000000,12.90634233,0
2023-01-20,0.00000286,0.00000290,0.00000275,0.00000276,20949687.00000000,1674259199999,59.32015212,4848,8517600.00000000,24.21234313,0
2023-01-21,0.00000277,0.00000278,0.00000267,0.00000271,45333837.00000000,1674345599999,123.47384166,6440,20811789.00000000,56.70147497,0
2023-01-22,0.00000271,0.00000275,0.00000267,0.00000271,20441211.00000000,1674431999999,55.35660132,3696,10083813.00000000,27.33256905,0
2023-01-23,0.00000272,0.00000277,0.00000268,0.00000274,22840697.00000000,1674518399999,62.26325774,4768,12203145.00000000,33.30526803,0
2023-01-24,0.00000273,0.00000276,0.00000263,0.00000265,20274298.00000000,1674604799999,54.82371472,4607,7762896.00000000,21.09166135,0
2023-01-25,0.00000265,0.00000271,0.00000263,0.00000269,22622807.00000000,1674691199999,60.39551592,4834,11205275.00000000,29.95852145,0
2023-01-26,0.00000268,0.00000270,0.00000266,0.00000269,16352974.00000000,1674777599999,43.74065468,3589,7776826.00000000,20.82149660,0
2023-01-27,0.00000269,0.00000280,0.00000267,0.00000276,41504301.00000000,1674863999999,113.51564578,6504,23242545.00000000,63.60641031,0
2023-01-28,0.00000276,0.00000278,0.00000270,0.00000275,54046227.00000000,1674950399999,147.70278216,4979,23125657.00000000,63.17710827,0
2023-01-29,0.00000274,0.00000275,0.00000267,0.00000268,41320018.00000000,1675036799999,111.99768381,5115,20114641.00000000,54.54030493,0
2023-01-30,0.00000269,0.00000275,0.00000265,0.00000273,49138399.00000000,1675123199999,132.59811768,6028,26128391.00000000,70.59492743,0
2023-01-31,0.00000272,0.00000277,0.00000267,0.00000269,18333681.00000000,1675209599999,49.65651378,3884,7190346.00000000,19.54118181,0
2023-02-01,0.00000268,0.00000272,0.00000265,0.00000266,18950981.00000000,1675295999999,51.01515318,4484,8664986.00000000,23.35766058,0
2023-02-02,0.00000266,0.00000275,0.00000263,0.00000272,31634642.00000000,1675382399999,85.20842917,6625,17713371.00000000,47.77823382,0
2023-02-03,0.00000272,0.00000276,0.00000269,0.00000274,17903091.00000000,1675468799999,48.86138903,4578,8648315.00000000,23.62821629,0
2023-02-04,0.00000274,0.00000276,0.00000270,0.00000273,10797351.00000000,1675555199999,29.53004951,3815,6177307.00000000,16.91605783,0
2023-02-05,0.00000274,0.00000281,0.00000273,0.00000280,21797164.00000000,1675641599999,60.67097752,5525,12241392.00000000,34.08226833,0
2023-02-06,0.00000279,0.00000281,0.00000275,0.00000277,18255992.00000000,1675727999999,50.61166554,4243,8274239.00000000,22.96314391,0
2023-02-07,0.00000278,0.00000285,0.00000277,0.00000282,38262886.00000000,1675814399999,107.54261173,6604,20986690.00000000,59.02730710,0
2023-02-08,0.00000283,0.00000308,0.00000281,0.00000292,77909912.00000000,1675900799999,228.23845289,13126,41547018.00000000,121.85781469,0
2023-02-09,0.00000291,0.00000293,0.00000283,0.00000288,41904299.00000000,1675987199999,120.63049786,7581,20417050.00000000,58.81730589,0
2023-02-10,0.00000287,0.00000294,0.00000286,0.00000292,16932066.00000000,1676073599999,49.14214635,4874,9611490.00000000,27.93649227,0
2023-02-11,0.00000292,0.00000296,0.00000290,0.00000292,10652733.00000000,1676159999999,31.21883977,4053,5131812.00000000,15.05733568,0
2023-02-12,0.00000291,0.00000297,0.00000291,0.00000293,12935088.00000000,1676246399999,38.08090790,4164,6061099.00000000,17.86326075,0
2023-02-13,0.00000294,0.00000304,0.00000292,0.00000302,50436756.00000000,1676332799999,150.01075534,8863,26188268.00000000,78.06997076,0
2023-02-14,0.00000302,0.00000306,0.00000299,0.00000301,32090061.00000000,1676419199999,97.25749572,7800,15832293.00000000,48.04345482,0
2023-02-15,0.00000301,0.00000313,0.00000289,0.00000291,49304697.00000000,1676505599999,148.18381708,11380,22010537.00000000,66.45932201,0
2023-02-16,0.00000291,0.00000291,0.00000275,0.00000285,59197787.00000000,1676591999999,168.31138753,10985,27611027.00000000,78.63358245,0
2023-02-17,0.00000285,0.00000293,0.00000282,0.00000286,63680094.00000000,1676678399999,183.04699772,11650,33010460.00000000,95.00406841,0
2023-02-18,0.00000286,0.00000289,0.00000282,0.00000284,29617258.00000000,1676764799999,84.81099072,5691,16003361.00000000,45.89465439,0
2023-02-19,0.00000284,0.00000291,0.00000282,0.00000290,18130031.00000000,1676851199999,51.86741544,5276,10860082.00000000,31.10803944,0
2023-02-20,0.00000290,0.00000299,0.00000285,0.00000290,60482510.00000000,1676937599999,176.42831929,12181,28896546.00000000,84.38968824,0
2023-02-21,0.00000290,0.00000292,0.00000283,0.00000284,29625057.00000000,1677023999999,85.03771376,7677,14041364.00000000,40.36324803,0
2023-02-22,0.00000285,0.00000292,0.00000283,0.00000287,20645558.00000000,1677110399999,59.25239193,6613,10560708.00000000,30.35127445,0
2023-02-23,0.00000287,0.00000294,0.00000283,0.00000291,30545854.00000000,1677196799999,88.43529754,7272,15815289.00000000,45.86427701,0
2023-02-24,0.00000291,0.00000295,0.00000289,0.00000293,23354234.00000000,1677283199999,68.28157186,6271,12913548.00000000,37.79257767,0
2023-02-25,0.00000293,0.00000299,0.00000291,0.00000293,14857906.00000000,1677369599999,43.89496539,5074,7412626.00000000,21.93792342,0
2023-02-26,0.00000293,0.00000299,0.00000292,0.00000296,16169301.00000000,1677455999999,47.88256898,4888,7743722.00000000,22.96481197,0
2023-02-27,0.00000296,0.00000298,0.00000290,0.00000295,18022309.00000000,1677542399999,52.99208778,6076,8257744.00000000,24.31987661,0
2023-02-28,0.00000296,0.00000299,0.00000294,0.00000299,21844169.00000000,1677628799999,64.77182843,5784,9551580.00000000,28.34473864,0
2023-03-01,0.00000298,0.00000299,0.00000291,0.00000296,21791244.00000000,1677715199999,64.34644097,6444,9550627.00000000,28.25818830,0
2023-03-02,0.00000295,0.00000301,0.00000294,0.00000298,18221252.00000000,1677801599999,54.12885106,5866,8826458.00000000,26.25427618,0
2023-03-03,0.00000298,0.00000304,0.00000296,0.00000300,36621441.00000000,1677887999999,110.22798752,7563,17616795.00000000,53.05361218,0
2023-03-04,0.00000300,0.00000303,0.00000297,0.00000298,10476858.00000000,1677974399999,31.47312470,4145,4684356.00000000,14.08547134,0
2023-03-05,0.00000299,0.00000302,0.00000297,0.00000300,10198667.00000000,1678060799999,30.59440972,4563,5366400.00000000,16.11634681,0
2023-03-06,0.00000299,0.00000302,0.00000298,0.00000300,17297585.00000000,1678147199999,51.82904014,4319,7714819.00000000,23.13140475,0
2023-03-07,0.00000301,0.00000303,0.00000296,0.00000298,17935610.00000000,1678233599999,53.71156256,4767,8357689.00000000,25.07494852,0
2023-03-08,0.00000298,0.00000302,0.00000296,0.00000301,19512305.00000000,1678319999999,58.36634285,4891,8714232.00000000,26.09618767,0
2023-03-09,0.00000301,0.00000315,0.00000281,0.00000288,150942323.00000000,1678406399999,446.67719344,20277,64836092.00000000,192.77454078,0
2023-03-10,0.00000288,0.00000294,0.00000280,0.00000285,111862444.00000000,1678492799999,320.63639147,14948,56221113.00000000,161.44947397,0
2023-03-11,0.00000285,0.00000289,0.00000275,0.00000287,63072935.00000000,1678579199999,177.35732380,11524,31067426.00000000,87.56833642,0
2023-03-12,0.00000287,0.00000294,0.00000282,0.00000293,52589654.00000000,1678665599999,151.58905061,9345,28071156.00000000,81.07136482,0
2023-03-13,0.00000293,0.00000307,0.00000275,0.00000278,122604457.00000000,1678751999999,359.82460969,22167,56257274.00000000,165.90057544,0
2023-03-14,0.00000277,0.00000279,0.00000259,0.00000271,69409752.00000000,1678838399999,186.89529146,14150,31627595.00000000,85.13707696,0
2023-03-15,0.00000271,0.00000274,0.00000263,0.00000269,48770170.00000000,1678924799999,130.58948423,9473,22802456.00000000,61.10356432,0
2023-03-16,0.00000269,0.00000271,0.00000260,0.00000260,37149262.00000000,1679011199999,98.75355693,8448,15405813.00000000,41.07256129,0
2023-03-17,0.00000261,0.00000261,0.00000243,0.00000246,57591770.00000000,1679097599999,145.18901990,10688,25044675.00000000,63.19253103,0
2023-03-18,0.00000247,0.00000249,0.00000241,0.00000244,28259978.00000000,1679183999999,69.07741370,7223,13641728.00000000,33.35760739,0
2023-03-19,0.00000244,0.00000247,0.00000236,0.00000237,26339977.00000000,1679270399999,63.51698150,6141,11886695.00000000,28.70122846,0
2023-03-20,0.00000237,0.00000244,0.00000233,0.00000235,33608853.00000000,1679356799999,79.76412765,7838,15059947.00000000,35.79284760,0
2023-03-21,0.00000235,0.00000241,0.00000234,0.00000239,27052170.00000000,1679443199999,64.08842578,5708,10976904.00000000,26.02726186,0
2023-03-22,0.00000239,0.00000241,0.00000213,0.00000219,172872093.00000000,1679529599999,384.78176010,17290,83669130.00000000,186.03041551,0
2023-03-23,0.00000219,0.00000236,0.00000218,0.00000230,101933024.00000000,1679615999999,230.89329577,10868,50743653.00000000,114.97244273,0
2023-03-24,0.00000231,0.00000233,0.00000224,0.00000231,28128129.00000000,1679702399999,64.25650817,5412,13495628.00000000,30.85066006,0
2023-03-25,0.00000231,0.00000234,0.00000230,0.00000232,23082558.00000000,1679788799999,53.54781597,4650,12018390.00000000,27.90449244,0
2023-03-26,0.00000232,0.00000236,0.00000229,0.00000230,22695623.00000000,1679875199999,52.45192401,4310,12598831.00000000,29.15127468,0
2023-03-27,0.00000229,0.00000236,0.00000228,0.00000234,26935843.00000000,1679961599999,62.53434860,5101,13849804.00000000,32.17150527,0
2023-03-28,0.00000235,0.00000240,0.00000234,0.00000236,24158683.00000000,1680047999999,57.15361491,4756,12052140.00000000,28.53388060,0
2023-03-29,0.00000235,0.00000237,0.00000226,0.00000227,31525580.00000000,1680134399999,72.10997522,5485,14303668.00000000,32.71852177,0
2023-03-30,0.00000227,0.00000232,0.00000222,0.00000232,53546795.00000000,1680220799999,121.47849627,6460,25507418.00000000,58.04045654,0
2023-03-31,0.00000232,0.00000237,0.00000228,0.00000231,22392784.00000000,1680307199999,52.02699424,4814,11284512.00000000,26.25333046,0
2023-04-01,0.00000230,0.00000237,0.00000228,0.00000233,21541723.00000000,1680393599999,50.11696733,4374,11092597.00000000,25.85226898,0
2023-04-02,0.00000234,0.00000236,0.00000230,0.00000232,24629429.00000000,1680479999999,57.27620730,4067,6766360.00000000,15.76590364,0
2023-04-03,0.00000231,0.00000238,0.00000230,0.00000236,24790082.00000000,1680566399999,57.92517866,5151,12214442.00000000,28.58830177,0
2023-04-04,0.00000237,0.00000240,0.00000232,0.00000234,18551304.00000000,1680652799999,43.79059264,4256,9880049.00000000,23.34831957,0
2023-04-05,0.00000233,0.00000237,0.00000230,0.00000235,16443820.00000000,1680739199999,38.33380042,4634,7146686.00000000,16.68626045,0
2023-04-06,0.00000235,0.00000240,0.00000233,0.00000236,18037515.00000000,1680825599999,42.64447905,4513,8669773.00000000,20.54005915,0
2023-04-07,0.00000236,0.00000238,0.00000235,0.00000237,15349567.00000000,1680911999999,36.29919392,3556,8456790.00000000,20.01385284,0
2023-04-08,0.00000236,0.00000238,0.00000235,0.00000236,9948419.00000000,1680998399999,23.51288776,2967,3823295.00000000,9.04706373,0
2023-04-09,0.00000237,0.00000239,0.00000234,0.00000236,13181441.00000000,1681084799999,31.19997656,3371,6411543.00000000,15.20186920,0
2023-04-10,0.00000235,0.00000237,0.00000226,0.00000228,17055924.00000000,1681171199999,39.53824798,4823,7920741.00000000,18.38287546,0
2023-04-11,0.00000227,0.00000228,0.00000216,0.00000220,49212589.00000000,1681257599999,108.91420925,8109,23400440.00000000,51.80652639,0
2023-04-12,0.00000220,0.00000220,0.00000207,0.00000218,73340697.00000000,1681343999999,156.46697753,8393,32551331.00000000,69.54165976,0
2023-04-13,0.00000218,0.00000218,0.00000212,0.00000215,31431806.00000000,1681430399999,67.53860409,4533,12710303.00000000,27.30560868,0
2023-04-14,0.00000215,0.00000220,0.00000214,0.00000217,25574308.00000000,1681516799999,55.46825543,4572,13264624.00000000,28.79892813,0
2023-04-15,0.00000217,0.00000219,0.00000215,0.00000218,10135398.00000000,1681603199999,21.98864080,2636,4162807.00000000,9.04712690,0
2023-04-16,0.00000218,0.00000220,0.00000217,0.00000219,9286465.00000000,1681689599999,20.25572438,2538,4141310.00000000,9.05106479,0
2023-04-17,0.00000220,0.00000225,0.00000219,0.00000224,14116798.00000000,1681775999999,31.40928661,3873,7248028.00000000,16.13051970,0
2023-04-18,0.00000224,0.00000226,0.00000218,0.00000220,11602750.00000000,1681862399999,25.71542946,3696,4962443.00000000,11.00679951,0
2023-04-19,0.00000220,0.00000230,0.00000219,0.00000228,30650063.00000000,1681948799999,68.80757955,6818,14678304.00000000,32.98142435,0
2023-04-20,0.00000228,0.00000233,0.00000227,0.00000231,25217334.00000000,1682035199999,57.92834314,5162,12478541.00000000,28.68143217,0
2023-04-21,0.00000231,0.00000239,0.00000231,0.00000238,17105599.00000000,1682121599999,40.05541135,5258,8540112.00000000,20.01269845,0
2023-04-22,0.00000239,0.00000243,0.00000236,0.00000237,22686693.00000000,1682207999999,54.27346781,4895,8482204.00000000,20.29863340,0
2023-04-23,0.00000238,0.00000243,0.00000237,0.00000242,17081682.00000000,1682294399999,41.10002582,4909,9064529.00000000,21.83251116,0
2023-04-24,0.00000242,0.00000245,0.00000239,0.00000241,16510713.00000000,1682380799999,39.82905051,6201,7674674.00000000,18.52621281,0
2023-04-25,0.00000240,0.00000242,0.00000231,0.00000233,18401480.00000000,1682467199999,43.92483384,6560,7695582.00000000,18.39410177,0
2023-04-26,0.00000232,0.00000235,0.00000223,0.00000229,35067676.00000000,1682553599999,80.39411486,9764,16324645.00000000,37.47291969,0
2023-04-27,0.00000229,0.00000229,0.00000221,0.00000224,29080056.00000000,1682639999999,65.45053503,8567,14076124.00000000,31.70301689,0
2023-04-28,0.00000224,0.00000228,0.00000222,0.00000228,19921281.00000000,1682726399999,44.91719096,6508,12330659.00000000,27.83116907,0
2023-04-29,0.00000228,0.00000234,0.00000227,0.00000232,17972424.00000000,1682812799999,41.19586042,5024,10284197.00000000,23.59256845,0
2023-04-30,0.00000233,0.00000233,0.00000226,0.00000230,12995245.00000000,1682899199999,29.88052450,5559,6391541.00000000,14.71777848,0
2023-05-01,0.00000229,0.00000247,0.00000229,0.00000244,38744410.00000000,1682985599999,93.16983174,9738,22761940.00000000,54.72870515,0
2023-05-02,0.00000244,0.00000246,0.00000239,0.00000241,22453002.00000000,1683071999999,54.39137533,6234,10264976.00000000,24.88155622,0
2023-05-03,0.00000241,0.00000245,0.00000236,0.00000239,25702727.00000000,1683158399999,62.10874992,7091,11941097.00000000,28.88964725,0
2023-05-04,0.00000239,0.00000242,0.00000236,0.00000241,22590122.00000000,1683244799999,53.90498028,4925,10091296.00000000,24.10652521,0
2023-05-05,0.00000241,0.00000243,0.00000236,0.00000241,19668737.00000000,1683331199999,47.23055254,6044,10246614.00000000,24.62085188,0
2023-05-06,0.00000241,0.00000246,0.00000238,0.00000244,24480785.00000000,1683417599999,59.14393274,5464,11311870.00000000,27.35491278,0
2023-05-07,0.00000243,0.00000245,0.00000239,0.00000244,16992113.00000000,1683503999999,41.11361810,4947,7966453.00000000,19.28949534,0
2023-05-08,0.00000243,0.00000249,0.00000240,0.00000247,33195583.00000000,1683590399999,81.28226421,7769,17121256.00000000,41.98295266,0
2023-05-09,0.00000247,0.00000252,0.00000246,0.00000250,20662464.00000000,1683676799999,51.44775140,5420,9915553.00000000,24.72983095,0
2023-05-10,0.00000250,0.00000254,0.00000246,0.00000252,33987817.00000000,1683763199999,85.05072200,7101,17847307.00000000,44.73820860,0
2023-05-11,0.00000252,0.00000254,0.00000248,0.00000251,26568595.00000000,1683849599999,66.89559386,5556,12857054.00000000,32.39305016,0
2023-05-12,0.00000251,0.00000265,0.00000250,0.00000258,36872262.00000000,1683935999999,95.20973266,7494,21558582.00000000,55.69453948,0
2023-05-13,0.00000258,0.00000260,0.00000255,0.00000259,18303811.00000000,1684022399999,47.14464004,4605,8415504.00000000,21.68689010,0
2023-05-14,0.00000259,0.00000261,0.00000255,0.00000258,17648640.00000000,1684108799999,45.55788276,4235,8442072.00000000,21.81816196,0
2023-05-15,0.00000258,0.00000259,0.00000253,0.00000259,18534521.00000000,1684195199999,47.48669407,4673,8930794.00000000,22.90321701,0
2023-05-16,0.00000259,0.00000262,0.00000258,0.00000261,20313448.00000000,1684281599999,52.85051211,4400,9700996.00000000,25.24514644,0
2023-05-17,0.00000261,0.00000266,0.00000258,0.00000260,20901237.00000000,1684367999999,54.75664505,4240,9844722.00000000,25.82407019,0
2023-05-18,0.00000260,0.00000265,0.00000257,0.00000262,25227356.00000000,1684454399999,65.78582256,4730,12399337.00000000,32.37628785,0
2023-05-19,0.00000261,0.00000264,0.00000260,0.00000263,15389579.00000000,1684540799999,40.31097682,3702,7732999.00000000,20.26456746,0
2023-05-20,0.00000263,0.00000272,0.00000262,0.00000268,28865513.00000000,1684627199999,77.08617434,5053,15531500.00000000,41.52967668,0
2023-05-21,0.00000268,0.00000286,0.00000265,0.00000281,77406669.00000000,1684713599999,215.46876484,9566,41183415.00000000,114.75666714,0
2023-05-22,0.00000280,0.00000295,0.00000278,0.00000291,85874340.00000000,1684799999999,246.92422118,12311,46527526.00000000,133.96252355,0
2023-05-23,0.00000291,0.00000294,0.00000283,0.00000289,35937034.00000000,1684886399999,103.41187591,6113,16928010.00000000,48.76218705,0
2023-05-24,0.00000289,0.00000295,0.00000287,0.00000291,29919941.00000000,1684972799999,87.11359226,6191,15192943.00000000,44.26894484,0
2023-05-25,0.00000292,0.00000299,0.00000289,0.00000290,28257552.00000000,1685059199999,83.21727028,6077,15310073.00000000,45.16909268,0
2023-05-26,0.00000290,0.00000293,0.00000282,0.00000283,18955684.00000000,1685145599999,54.35295021,4383,7744310.00000000,22.22774203,0
2023-05-27,0.00000282,0.00000289,0.00000281,0.00000288,12449594.00000000,1685231999999,35.56502304,3379,6923153.00000000,19.79506857,0
2023-05-28,0.00000287,0.00000288,0.00000275,0.00000276,23515684.00000000,1685318399999,66.24669576,4781,8131345.00000000,22.96956567,0
2023-05-29,0.00000276,0.00000279,0.00000274,0.00000274,14271416.00000000,1685404799999,39.47519815,4025,6419085.00000000,17.77587374,0
2023-05-30,0.00000274,0.00000277,0.00000273,0.00000276,13094807.00000000,1685491199999,35.94530778,3215,5662961.00000000,15.55540875,0
2023-05-31,0.00000275,0.00000282,0.00000274,0.00000276,28142467.00000000,1685577599999,78.49697835,4365,16548642.00000000,46.24018435,0
2023-06-01,0.00000277,0.00000281,0.00000275,0.00000279,15426632.00000000,1685663999999,42.92656942,4247,7314208.00000000,20.38156738,0
2023-06-02,0.00000279,0.00000309,0.00000278,0.00000303,60246294.00000000,1685750399999,176.88166545,9938,35871892.00000000,105.36947677,0
2023-06-03,0.00000304,0.00000316,0.00000297,0.00000302,136977348.00000000,1685836799999,417.80832832,15269,55330843.00000000,169.24150791,0
2023-06-04,0.00000302,0.00000305,0.00000295,0.00000301,38574335.00000000,1685923199999,115.60144193,5745,15205458.00000000,45.67827249,0
2023-06-05,0.00000300,0.00000308,0.00000298,0.00000305,30265513.00000000,1686009599999,91.86060563,6091,16492571.00000000,50.13381588,0
2023-06-06,0.00000305,0.00000309,0.00000286,0.00000288,35012023.00000000,1686095999999,105.05435660,6575,13151226.00000000,39.71135079,0
